<?xml version="1.0" encoding="UTF-8"?>
<!DOCTYPE hibernate-mapping
   PUBLIC "-//Hibernate/Hibernate Mapping DTD//EN"
   "http://hibernate.sourceforge.net/hibernate-mapping-3.0.dtd">
   
 <hibernate-mapping>
    
   <class name="pack.Emp" table="employee">
 <cache usage="read-only" /> 
   <id name="id"  column="id" type="int">
    <generator class="native"></generator>
   </id> 
   
   <property name="name" column="name" type="string"/>
   
   <property name="sal" column="salary"  type="int"/>
   </class>
   
   
   </hibernate-mapping>